第１法則は慣性の法則。第３法則は作用反作用の法則。,ニュートンの提唱した運動の第２法則は一般に「何の法則」と呼ばれるでしょう？,運動,物理,4,,,,
慣性の法則が成り立つ座標系を慣性系と呼ぶ。つまり、慣性力を導入しなければならない座標系は非慣性系である。,加速度運動をする電車の中などを基準とする座標系を慣性系という。,バツ,物理,1,,,,
アインシュタインの提唱した等価原理である。加速度と重力が本質的に同じであることを示す。,慣性質量と重力質量は等価である。,マル,物理,1,,,,
厳密には、秒速299792458メートル,光速度に最も近いのはどれでしょう？,秒速30万キロメートル,物理,2,秒速30万キロメートル,秒速3万キロメートル,秒速300万キロメートル,秒速3000万キロメートル
撃力とは、衝突や打撃などの際にきわめて短時間だけ作用する力のことである。運動量の変化が力積に等しいことを利用してその値を求めることができる。,撃力は運動量の変化から計算して求めることができる。,マル,物理,1,,,,
霧雨で秒速0.5メートルくらい。,大きな雨粒の終端速度は大体どれくらいでしょう？,秒速7メートル,物理,2,秒速7メートル,秒速21メートル,秒速0.7メートル,秒速14メートル
過減衰のときは摩擦抵抗が大きすぎて物体の動きが鈍くなってしまう。それを考慮に入れた上でもっとも速く変位が０に近づく減衰運動が臨界減衰である。,減衰振動において、臨界減衰よりも過減衰の方が物体の変位がより速く０になる。,バツ,物理,1,,,,
保存力とは、仕事の値が経路によらない力の総称である。,保存力ではないものはどれでしょう？,摩擦力,物理,2,万有引力,摩擦力,静電気力,弾性力
いわゆる力のモーメントである。,角運動量を時間で微分することで得られる値をなんというでしょう？,力のモーメント,物理,2,力のモーメント,慣性モーメント,ヘッド,加速度
２つの粒子が衝突や散乱をする場合に、標的となる粒子が最初に原点に静止するようにとった座標系を実験室系と呼ぶ。,２つの粒子が衝突や散乱をする場合に、両粒子の全運動量が０となるようにとった座標系をなんというでしょう？,重心系,物理,2,実験室系,重心系,速度系,中心系
並進運動や回転運動の源になる。,向きは反対だが大きさが等しい、同じ直線上にない２つの力のことをなんというでしょう？,偶力,物理,2,偶力,逆力,斥力,反力
慣性モーメントは回転運動に対する抵抗の大きさを表す量で、物体の各部分の質量と、回転軸からその部分までの距離の二乗との積で表わされる。,開いた傘と閉じた傘のうち、慣性モーメントが大きくなるのは開いた傘である。,マル,物理,1,,,,
このように、自転運動によって姿勢が乱されにくくなる現象のことをジャイロ効果という。,時計回りに回したコマは、歳差運動も時計回りである。,マル,物理,1,,,,
平衡点とは釣り合いの位置のことである。たとえば振り子（紐は十分に硬いとする）について、おもりが完全に真上にある（不安定な平衡点）ときは釣り合いがとれて静止するが、少しでもその点からずれると、よりポテンシャルエネルギーが低い真下に戻るように運動することになる。,安定な平衡点と不安定な平衡点のうち、ポテンシャルエネルギーが高いのは安定な平衡点の方である。,バツ,物理,1,,,,
解析力学で用いられる運動方程式。ハミルトンの原理から導かれる。,ラグランジュの運動方程式は座標変換をしても全く同じ形で書ける。,マル,物理,1,,,,
マイケルソン・モーリーの実験で「エーテルの風」が検出できなかったこと、また特殊相対性理論の登場などにより存在が否定された。,光や電磁波を伝える媒体として宇宙に充満していると考えられていた仮想上の物質はなんでしょう？,エーテル,物理,4,,,,
電束密度は真電荷から出る電束の密度を表す概念であり、その発散は電荷密度と等しくなる。真空中では誘電率ε0を用いて、ε0*Eと書ける。誘電体中では、分極電荷によるベクトルを足し合わせることで求めることができる。,真空または誘電体中での電場において真電荷がつくるベクトル場のことをなんというでしょう？,電束密度,物理,2,静電ベクトル,誘電ベクトル,電束密度,電位勾配
分極などによって生ずる。,非常に近い二点に存在する正電荷と負電荷の組のことをなんというでしょう？,電気双極子,物理,2,電気双子,電荷ペア,電気二重子,電気双極子
強磁性の物質ではキュリー温度、反磁性ではネール温度と呼ばれる。,強磁性や反磁性を持つ物質でも、温度を一定以上に上げると常磁性を示すようになる。,マル,物理,1,,,,
ただし、現在観測されている現象を説明するのに磁気単極子が必要ないという程度でしかない。,マクスウェル方程式の divB=0 という式は、磁気単極子が存在することを表している。,バツ,物理,1,,,,
誘導起電力の大きさはその回路を貫く磁場の変化の割合に比例する。,マクスウェル方程式の rotE+∂B/∂t=0 が示す現象はなんでしょう？,電磁誘導,物理,2,電磁誘導,ローレンツ力,アンペール力,電磁放射
電磁波は加速度運動をする点電荷から放出されるものであり、そのときのエネルギーはラモーアの公式によって示される。,等速運動する点電荷からは電磁波が放出される。,バツ,物理,1,,,,
誘導単位とも。,平方メートルやメートル毎秒など、基本単位を組み合わせて作られた単位のことをなんというでしょう？,組立単位,物理,4,,,,
圧縮率は物体の圧縮のされやすさを表す量である。その逆数は体積弾性係数と呼ばれる。,水と空気のうち、圧縮率が大きいのはどちらでしょう？,空気,物理,4,,,,
凸型メニスカスになる。,試験管の中に液体を入れたとき、液体の凝集力が管壁への付着力より大きければ、凹型メニスカスができる。,バツ,物理,1,,,,
せん断応力を以上のようにして求められる流体のことをニュートン流体と呼ぶ。,ニュートン流体において、粘度に速度勾配をかけて求められる物理量をなんというでしょう？,せん断応力,物理,2,粘性応力,せん断応力,圧力応力,動的応力
せん断応力と速度勾配が比例するものはニュートン流体と呼ばれる。速度勾配が小さくてもある程度のせん断応力がかかるものはビンガム流体と呼ばれる。,速度勾配とせん断応力が比例せず、速度勾配が上がれば上がるほど粘度も上がる流体のことをなんというでしょう？,ダイラタント流体,物理,2,ニュートン流体,ダイラタント流体,ビンガム流体,トキソトロピック流体
大気圧を基準とするのがゲージ圧。真空を基準とするのは絶対圧。,完全な真空状態を基準とする圧力をゲージ圧と呼ぶ。,バツ,物理,1,,,,
日本語では圧力計。,管や容器内の圧力を測定する機器のことをなんというでしょう？,マノメーター,物理,2,ピエゾメーター,マノメーター,プレッシャーゲージ,デフレクター
浮力の作用点が浮揚軸と交わる点をメタセンタと呼び、重心からメタセンタまでの距離をメタセンタ高さと呼ぶ。,メタセンタ高さが負のとき、浮揚体は安定しない。,マル,物理,1,,,,
レイノルズ数は慣性力を粘性力で割ることによって求められる無次元量である。その値は慣性力と粘性力のどちらがどの程度優勢なのかを表すので、これを見ることで流体の流れ方（層流か乱流か、またカルマン渦ができるかどうか等）が推察できる。,レイノルズ数が減少すると乱流から層流になる。,マル,物理,1,,,,
流線上のある点の接線方向が速度ベクトルの向きと一致する。,流体の各点での速度の方向を滑らかに結んだ曲線のことをなんというでしょう？,流線,物理,2,流動曲線,等速線,流線,流体線
ベルヌーイの定理によると、圧力エネルギーと速度エネルギー、位置エネルギーの和は一定となる（今回は関与の小さい位置エネルギーは無視する）。翼の下面の方が速度が小さければ、圧力エネルギーはその分だけ上面よりも高くなり、上方向の揚力が働くことが理解できる。,飛行機の翼の上面の流れの速度は下面のそれよりも小さい。,バツ,物理,1,,,,
例えば、飛行機の翼が風と正面からぶつかる点では風の速度がゼロになる。,流れ場の中で速度がゼロになるような点のことをなんというでしょう？,よどみ点,物理,2,停留点,よどみ点,流失点,縮小点
L字型の管を二つ用意し、片方は正面に穴を開け（総圧を測る）、もう片方は側面に穴を開ける（静圧を測る）。すると、その差から流れの圧力を求めることができ、ベルヌーイの定理から流速が分かる。,流れの総圧と静圧の差から動圧を求めて流速を測定する装置を何というでしょう？,ピトー管,物理,2,ピトー管,圧力プローブ,ラミナーフロー管,静圧管
摩擦力による。,流体の速度は管路の壁面では０になる。,マル,物理,1,,,,
圧力ヘッドの差を求める式。管摩擦係数は流れによっても変わり、管壁面の粗さが小さい場合はレイノルズ数のみの関数となる。,流体が管内を移動するときの管壁による摩擦損失を与える式はなんでしょう？,ダルシー・ワイズバッハの式,物理,2,ハーゲン・ポアズイユの式,マニングの式,ダルシー・ワイズバッハの式,ナビエ・ストークス方程式
ベルヌーイの定理では圧力ヘッドと速度ヘッドが位置エネルギーとともに用いられる。,ベルヌーイの定理などで用いられる、液体の持つエネルギーを液柱の高さに置き換えた値をなんというでしょう？,ヘッド,物理,2,高さ係数,流体高度,ピエゾ高,ヘッド
水平成分が抗力であり、垂直成分は揚力である。,一様流れの中に置かれた物体が受ける力の流れに垂直な成分を抗力と呼ぶ。,バツ,物理,1,,,,
剥離とは流体の流れが物体表面から剝がれてしまう現象であり、圧力抗力を生じる。これを防ぐためには物体表面に工夫を行う必要がある。,ゴルフボールのディンプルは流れの剥離を防ぐためのものである。,マル,物理,1,,,,
物体の周りにある流れの渦の強さを循環と呼ぶ。マグナス効果はこの循環を物体の回転により意図的に乱すことで揚力を発生させることができるというものであり、生じる揚力はクッタ・ジューコフスキーの定理で求めることができる。,流れの中で物体（例えば野球ボールなど）を回転させると揚力が発生する、という現象をなんというでしょう？,マグナス効果,物理,2,コアンダ効果,リフト効果,マグナス効果,スピン効果
飛行機の翼などで起こる現象だが、身蛇口から出た水にスプーンの凸面を当てることでも確かめられる。粘性によって周りの流体が巻き込まれるために起こる。,流体が付近の物体や壁面に沿って流れようとする現象のことを何というでしょう？,コアンダ効果,物理,2,マグナス効果,コアンダ効果,スティッキネス効果,ストークス効果
その一般解は求められていない。,粘性を考慮した流体の運動方程式のことをなんというでしょう？,ナビエ・ストークス方程式,物理,2,ナビエ・ストークス方程式,ラプラス方程式,ダルシー・ワイズバッハの式,レイノルズ方程式
正式名称はタコマナローズ橋。,1940年、横風による自励振動が要因で崩落したアメリカの吊り橋はなんでしょう？,タコマ橋,物理,2,ブルックリン橋,タコマ橋,コロンビア橋,レイクワシントン橋
経路に依存しない物理量を状態量と呼ぶ。熱量はエネルギーの移動を表す量であるため、仮に最終状態が同じだったとしても、それが断熱過程を経てきたのか、等温過程を経てきたのかによってその値が変わってしまう。,次のうち、状態量でないものはどれでしょう？,熱量,物理,2,熱量,エントロピー,体積,圧力
部分系を合計したときに、値がそれに比例して変わるものを示量変数と呼び、変わらないものを示強変数と呼ぶ。,次のうち、示強変数はどれでしょう？,圧力,物理,2,体積,圧力,エントロピー,物質量
気体の体積が少なくなるほど分子間力などの効果が顕著になるため、その分の補正が必要になる。,高圧や低温の実在気体についても成り立つ状態方程式のことを「誰の状態方程式」というでしょう？,ファンデルワールスの状態方程式,物理,2,ファンデルワールスの状態方程式,ガイ＝リュサックの状態方程式,アモントンの状態方程式,シャルルの状態方程式
断熱系において、ピストンを急激に移動させると、その過程で熱平衡が崩れてしまう（非平衡状態）ため、この状態から元の熱平衡状態に戻すことはできない（不可逆）。一方で、熱平衡状態を崩さないようにきわめてゆっくりピストンを動かせば（準静的過程）、全く同じ操作を逆方向に行うことで元の状態とほとんど同じ状態に戻すことができる（可逆）。,ピストンををきわめてゆっくり動かして気体を膨張または圧縮するような過程のことをなんというでしょう？,準静的過程,物理,2,準静的過程,等温過程,非定常過程,不可逆過程
すべての過程が可逆過程であるようなサイクルを可逆機関という。カルノーはこれの例としてカルノーサイクルを提案し、すべての可逆機関の熱効率が等しいこと、また一般の熱機関の熱効率はこれを越えられないことを示した（カルノーの定理）。,すべての可逆機関は熱効率が等しい。,マル,物理,1,,,,
熱力学第１法則によると、熱量の変化ΔQ=ΔU+PΔV ,湿潤空気と乾燥空気のうち、気温減率が小さいのは湿潤空気である。,マル,物理,1,,,,
エントロピーをSとすると、Sの定義式から、ΔQ=TΔS と書ける。これはつまり、熱を加えても温度が変わらない場合、その熱はエントロピーの増加に費やされるということであり、物質の相変化の時に起こる現象がこれに該当する。,物質の状態変化のためだけに費やされる熱のことをなんというでしょう？,潜熱,物理,2,転移熱,潜熱,顕熱,比熱
粒子の速度や向きはバラバラで、その分布はマクスウェル・ボルツマン分布によって表される。,温度がTの気体分子においては、すべての粒子が同じ速度で動いている。,バツ,物理,1,,,,
エントロピーSは統計力学においては、S=k_b*InW で表される（k_bはボルツマン定数、Wは状態数）。状態数は粒子がとることのできる状態の数を表す。今回の問題では空間の体積が2倍になるため、Wも2倍に増えることになる。つまり、乱雑度合いが増える。,中央を仕切りでふさがれた体積2Vの容器があり、左の部屋に気体が入っていて、右の部屋は空になっている。仕切りをとると、気体のエントロピーは増大する。,マル,物理,1,,,,
ミクロカノニカル分布は熱の移動も粒子の移動もない孤立系である。これに対して、どちらの移動も許される結合系がグランドカノニカル分布である。,統計力学において、粒子のやり取りはないがエネルギーのやりとりができる結合系のことをなんというでしょう？,カノニカル分布,物理,2,グランドカノニカル分布,ミクロカノニカル分布,カノニカル分布,ボルツマン分布
等重率（確率）の原理と呼ばれる。もしこれが正しくないとすると、ある微視的状態に粒子が偏在することになってしまうが、少なくとも定常状態ではそうなることは考え難い。,統計力学において、ミクロ粒子のとることのできる微視的状態ひとつひとつの出現する確率はすべて等しい。,マル,物理,1,,,,
ヘリウム４がボーズ凝縮を起こすことが超流動の要因とされている。ボーズ凝縮とは、ボーズ粒子の化学ポテンシャルが0になることにより、すべての粒子が同じエネルギー準位に凝縮してしまうという現象のことである。有限温度でもそれが起こる他の例としては超電導がある。,超流動という現象が見られる元素はなんでしょう？,ヘリウム,物理,4,,,,
このエネルギーは化学ポテンシャルのことである（化学ポテンシャルはギブスの自由エネルギーを物質量で偏微分した値である）。特に絶対零度のときの化学ポテンシャルはフェルミエネルギーと呼ばれるが、金属のそれは非常に大きく、絶対温度に換算すると70000Kほどであることが知られている。,金属の自由電子が絶対零度のときに有するエネルギーを温度に換算すると、室温よりも二桁以上大きくなる。,マル,物理,1,,,,
エンタルピーは物質の持つ全エネルギーを表す物理量であり、その変化量は定圧の場合には熱と等しくなる。,等圧条件下にある系が発熱して外部に熱を出すとエンタルピーは上がる。,バツ,物理,1,,,,
ギブスの自由エネルギーの変化量ΔGは、その定義式から、ΔG=ΔH-TΔS（Hはエンタルピー、Sはエントロピー）と書くことができる。ΔGが正ならば、その反応はエンタルピーを増大させる方向にはたらくことになり、エネルギー保存則に反する（つまり外部からエネルギーを与えないと起こらない反応だと言える）。,ギブスの自由エネルギーGについて、ΔG>0 になるような反応は自発的に進行する。,バツ,物理,1,,,,
振動数のみによって決まる。光が単に波であるなら振幅に依存するはずなのにそうならないということは、光を粒子としてもみなす必要があることを意味する（物質波）。,光電効果が起きるかどうかは光の強さ（明るさ）による。,バツ,物理,1,,,,
解説は特になし。,量子力学において、波動関数の２乗が意味するものはなんでしょう？,粒子を見出す確率,物理,2,粒子を見出す確率,粒子の運動量,粒子のスピン,波の振幅
その積はディラック定数（プランク定数を2πで割ったもの）になる。不確定性原理を示す式である。,量子力学において、ある量子のとり得る位置の幅をΔx、運動量の幅をΔpとすると、Δx*Δpは定数になる。,マル,物理,1,,,,
調和振動子とは、質点が定点からの距離に比例する引力を受けて運動する系のことである。量子力学においては、質点が基底状態にあっても零点エネルギー（>0）を持ち、零点振動（格子振動）していることが知られている。,基底状態では、調和振動子の持つエネルギーは0である。,バツ,物理,1,,,,
黒体のスペクトル強度分布は温度に依存する。,黒体放射のスペクトル分布は温度に依存せず、一定である。,バツ,物理,1,,,,
ボーアの原子模型は量子化された電子軌道を提唱するものであり、水素原子に高電圧をかけて放電現象を起こしたときのスペクトル線が連続でないことを説明できる点でラザフォードの原子模型より優れていた。古典論のラザフォードの原子模型は電子が原子核の周りを単に回転している（公転しているイメージ）とするものだが、電子が原子核に落ち込まない理由を説明できなかった。,ボーアの原子模型が特にうまく説明したものはどれでしょう？,水素原子のスペクトル,物理,2,金属の熱伝導,ラザフォード散乱,原子核の安定性,水素原子のスペクトル
α粒子が原子核から飛び出るのはトンネル効果のためであるとされる。キャビテーションは、液体の流れの中で圧力差により短時間に泡の発生と消滅が起きる物理現象である。,トンネル効果が最初に観測された現象は何でしょう？,α崩壊,物理,2,α崩壊,コンプトン散乱,キャビテーション,コンプトン散乱
例えば原子の電子軌道のp軌道は縮退度が３である。,量子力学において、縮退状態とは何を表すでしょう？,同じエネルギーを持つ複数の状態,物理,2,粒子の位置が確定する状態,シュレディンガー方程式の解が存在しない状態,エネルギーの最低点に達した状態,同じエネルギーを持つ複数の状態
球面調和関数は原子の電子軌道などを表す関数である。s軌道やp軌道などを表す方位量子数と、その縮退を表す磁気量子数によって記述される。主量子数はエネルギー準位を表す。,球面調和関数はどの量子数に依存するでしょう？,磁気量子数と方位量子数,物理,2,磁気量子数と方位量子数,主量子数と方位量子数,主量子数と磁気量子数,スピン量子数と磁気量子数
光速度不変の原理である。,真空中の光の速さは光源の運動状態によらない。,バツ,物理,1,,,,
ローレンツ収縮と呼ばれる。収縮後の長さをLとすると、L=L0*√(1-v^2/c^2) で表される。,特殊相対性理論によると、移動している物体は静止している系からは短く見える。,マル,物理,1,,,,
特殊相対性理論によると、運動する物体の時間は静止系に比べて遅れて進む。地球にいる弟から見ると、運動しているのは兄なので兄の方が若くなると思われるが、逆に兄から見ると運動しているのは弟なので、弟の方が若くなるように思える。これがふたごのパラドックスである。実際には、兄のみが加速度運動をしているので、兄と弟の関係はまったく対称ではない。,ふたごのパラドックスにおいて、ロケットに乗って宇宙旅行に行った兄が地球上にもどってきたとき、ずっと地球上にいる弟との年齢の関係はどうなっているでしょう？,兄の方が若くなっている。,物理,2,兄の方が若くなっている。,弟の方が若くなっている。,兄と弟は同じ年齢である。,パラドックスなので、未解決である。
相対性理論で用いられる。,３次元空間と時間を統合した４次元の座標系をなんというでしょう？,ミンコフスキー時空,物理,2,ミンコフスキー時空,ニュートン時空,ローレンツ時空,アインシュタイン座標
光のドップラー効果により、遠ざかる光源から発せられた光のスペクトルは長波方向にずれる（赤方偏移）。一般に宇宙は膨張していることが知られているので、銀河から出る光は赤方偏移して見える。,観測可能なほとんどすべての銀河の光は赤方偏移している。,マル,物理,1,,,,
光は質量を持たないが、一般相対性理論では重力は空間のゆがみとして解釈されるので、質量を持つ物質と同様、光も重力の影響を受ける。重力レンズなどが良い例である。,光は重力によって曲げられる。,マル,物理,1,,,,
一般相対性理論によれば、重力ポテンシャルの低い場所では時間が遅れて進む。,GPS衛星の中に置いた時計は、地球上から見ると遅く進む。,バツ,物理,1,,,,
一般相対性理論の式である。アインシュタインは静的な宇宙を実現するための調整として宇宙項（銀河などの引力に対抗するための斥力）を導入したものの、のちに削除した。現在では、宇宙が加速膨張していることを説明するために再び宇宙項の導入が議論されている。また、宇宙項やその他の項を0にすることで求められる解をシュヴァルツシルト解と呼ぶ。,次のうち、重力による時空の歪みに関する方程式はどれでしょう？,アインシュタイン方程式,物理,2,アインシュタイン方程式,ファインマン方程式,ボルツマン方程式,シュレディンガー方程式
ヴィレンドルフのヴィーナスは紀元前27300年ごろに作られた小像である。,次のうち、最も古い作品はどれでしょう？,ヴィレンドルフのヴィーナス,美術,2,ヴィレンドルフのヴィーナス,ストーンヘンジ,ラオコーン,ケルズの書
ルーベンスのみバロック期の画家。,次のうち、ルネサンス期の画家ではないのは誰でしょう？,ルーベンス,美術,2,ヒエロニムス・ボス,ピーテル・ブリューゲル,ルーベンス,ジョット
ジョルジュ・ド・ラトゥールのみバロック期の画家。,次のうち、ルネサンス期の画家ではないのは誰でしょう？,ジョルジュ・ド・ラトゥール,美術,2,ジョルジョーネ,ヴェロッキオ,デューラー,ジョルジュ・ド・ラトゥール
ヴァン・ダイクのみバロック期の画家。,次のうち、ルネサンス期の画家ではないのは誰でしょう？,ヴァン・ダイク,美術,2,マザッチョ,フラ・アンジェリコ,ボッティチェリ,ヴァン・ダイク
デ・キリコは20世紀初頭、形而上派（シュルレアリスムの先駆）の画家。,次のうち、ルネサンス期の画家ではないのは誰でしょう？,デ・キリコ,美術,2,ティツィアーノ,ファン・エイク,ホルバイン,デ・キリコ
ターナーのみロマン主義の画家。,次のうち、バロック期の画家ではないのは誰でしょう？,ジャック＝ルイ・ダヴィッド,美術,2,フェルメール,カラヴァッジョ,スルバラン,ターナー
カンタン・ド・ラ・トゥールのみロココ期の画家。,次のうち、バロック期の画家ではないのは誰でしょう？,カンタン・ド・ラ・トゥール,美術,2,カンタン・ド・ラ・トゥール,プッサン,ベラスケス,カラッチ
フュースリのみロマン主義の画家。,次のうち、バロック期の画家ではないのは誰でしょう？,フュースリ,美術,2,ムリーリョ,レンブラント,ハルス,フュースリ
コローのみバルビゾン派の画家。,次のうち、ロココ期の画家ではないのは誰でしょう？,コロー,美術,2,ヴァトー,フラゴナール,ブーシェ,コロー
セリュジエのみポン＝タヴァン派の画家。,次のうち、新古典主義の画家ではないのは誰でしょう？,セリュジエ,美術,2,ジャック＝ルイ・ダヴィッド,グロ,ドミニク・アングル,セリュジエ
ビアズリーのみアール・ヌーヴォーの画家。,次のうち、ロマン主義の画家ではないのは誰でしょう？,ビアズリー,美術,2,ジェリコー,ブレイク,フリードリヒ,ビアズリー
ミュシャのみアール・ヌーヴォーの画家。,次のうち、写実主義の画家ではないのは誰でしょう？,ミュシャ,美術,2,クールベ,ドーミエ,ミレー,ミュシャ
ゴーギャンのみポスト印象派の画家。,次のうち、印象派の画家ではないのは誰でしょう？,ゴーギャン,美術,2,ドガ,モリゾ,ピサロ,ゴーギャン
ドラクロワ（1798年生まれ）はロマン主義、ルノワール（1841年生まれ）は印象派、スーラ（1859年生まれ）はポスト印象派、ピカソ（1881年生まれ）はキュビズムの画家。,次のうち、生まれたのが２番目に遅い画家は誰でしょう？,スーラ,美術,2,ルノワール,ドラクロワ,スーラ,ピカソ
エル・グレコ（1541年生まれ）はマニエリスム・バロック期、フラゴナール（1732年生まれ）はロココ、ゴッホ（1853年生まれ）はポスト印象派、ダリ（1904年生まれ）はシュルレアリスムの画家。,次のうち、生まれたのが２番目に遅い画家は誰でしょう？,ゴッホ,美術,2,フラゴナール,エル・グレコ,ゴッホ,ダリ
『出現』は象徴主義の画家ギュスターヴ・モローの作品。カラヴァッジョは『聖マタイの召命』などの作品で知られる。,次のうち、画家と作品名の関係で間違っているものはどれでしょう？,『人質』- カラヴァッジョ,美術,2,『ラ・ジャポネーズ』- モネ,『オランピア』- マネ,『画家のアトリエ』- クールベ,『出現』- カラヴァッジョ
『死と乙女』は分離派のエゴン・シーレの作品である。ロートレックの代表作は『ムーラン・ルージュ』など。,次のうち、画家と作品名の関係で間違っているものはどれでしょう？,『死と乙女』- ロートレック,美術,2,『着衣のマハ』- ゴヤ,『カード遊びをする人たち』- セザンヌ,『グランド・オダリスク』- ドミニク・アングル,『死と乙女』- ロートレック
フォーヴィズムは他にルオーなどが知られる。ミニマリズムはフランク・ステラなどに代表される芸術運動。オプ・アートは錯視を使ったアートのジャンルで、ヴァザルリなどが有名。マニエリスムはポントルモやパルミジャニーノ、ティントレット、エル・グレコなどが知られる。,アンリ・マティスが中心的な役割を果たした20世紀初頭の芸術運動は次のうちどれでしょう？,フォーヴィズム,美術,2,フォーヴィズム,ミニマリズム,マニエリスム,オプ・アート
象徴主義は夢や死などの幻想的な題材を象徴的に表現しようとする芸術運動で、ムンクやルドン、ベックリン、モローなどが知られる。表現主義は人間の内面などを描こうとするもので、ノルデやキルヒナー、フランツ・マルクなど。抽象表現主義はほかにクーニングなどが知られる。構成主義はタトリンなど。,ジャクソン・ポロックに代表される芸術運動は次のうちどれでしょう？,抽象表現主義,美術,2,表現主義,象徴主義,構成主義,抽象表現主義
ラファエル前派は象徴主義の先駆的なグループでミレイなど。分離派は他にエゴン・シーレなど。ナビ派はゴーギャンに影響を受けたグループで、ドニやボナールなど。未来派は機械化によって実現された近代社会の速さを称える芸術運動で、ボッチョーニが有名。,グスタフ・クリムトを中心に結成された芸術家のグループは次のうちどれでしょう？,分離派,美術,2,ラファエル前派,分離派,ナビ派,未来派
カンディンスキーは抽象絵画で有名な画家。,次のうち、シュルレアリスムの画家ではないのは誰でしょう？,カンディンスキー,美術,2,エルンスト,マン・レイ,マグリット,カンディンスキー
ルソーのみ素朴派の画家。,次のうち、エコール・ド・パリの画家ではないのは誰でしょう？,ルソー,美術,2,シャガール,モディリアーニ,ユトリロ,ルソー
シュプレマティスムはマレーヴィッチ、アンフォルメルはデュビュッフェやフォートリエ、ネオ・ダダはジョーンズなど。,モンドリアンらに代表される芸術運動はなんでしょう？,デ・ステイル,美術,2,シュプレマティスム,デ・ステイル,アンフォルメル,ネオ・ダダ
ダダはデュシャン、キネティック・アートはカルダー、コンセプチュアル・アートはコスースなど。,ウォーホルに代表される芸術運動はなんでしょう？,ポップ・アート,美術,2,ダダ,ポップ・アート,キネティック・アート,コンセプチュアル・アート
アッサンブラージュはコラージュやパピエ・コレの立体版である。,次のうち、壁画に向いている画法はどれでしょう？,フレスコ,美術,2,フレスコ,テンペラ,アッサンブラージュ,レディメイド
ジャンボローニャは1529年生まれ、カノーヴァは1757年生まれ、ロダンは1840年生まれ、ムーアは1898年生まれ。,次のうち、生まれのが最も遅い彫刻家は誰でしょう？,ムーア,美術,2,ジャンボローニャ,カノーヴァ,ムーア,ロダン
ブールデルとマイヨールは1861年生まれ、ブランクーシは1876年生まれ、ジャコメッティは1901年生まれ。,次のうち、生まれのが最も遅い彫刻家は誰でしょう？,ジャコメッティ,美術,2,ジャコメッティ,マイヨール,ブールデル,ブランクーシ
アーツ・アンド・クラフツとアール・ヌーヴォーは19世紀末、アール・デコは20世紀初頭、パフォーマンス・アートは20世紀末に始まった。,次のうち、最も新しい芸術運動はどれでしょう？,アーツ・アンド・クラフツ,美術,2,アーツ・アンド・クラフツ,アール・ヌーヴォー,アール・デコ,パフォーマンス・アート
免振は高さによらない。,制振構造の建物では、地震が起きたときに上の階ほど大きく揺れる。,マル,建築,1,,,,
ゴシックはノートルダム大聖堂、ルネサンスはサンタ・マリア・デル・フィオーレ大聖堂など。ネオゴシックは１８世紀後半にイギリスで興ったゴシックの復興運動。,ピサ大聖堂の建築様式は何でしょう？,ロマネスク,建築,2,ゴシック,ロマネスク,ルネサンス,ネオゴシック
モダニズムは装飾的な建築を否定し、合理性・機能性を重視した箱型の建築様式のこと。,ル・コルビュジェのサヴォア邸の建築様式は何でしょう？,モダニズム,建築,2,モダニズム,ネオゴシック,擬洋風建築,エコロジー
ヴェルサイユ宮殿は1682年（バロック）、オペラ座（ガルニエ宮）は1875年（ネオバロック）、ニューヨークの自由の女神像は1886年、赤坂離宮は1909年（ネオバロック）。,次のうち、最も新しく建築されたものはどれでしょう？,赤坂離宮,建築,2,ヴェルサイユ宮殿,オペラ座（ガルニエ宮）,ニューヨークの自由の女神像,赤坂離宮
水晶宮は1851年、東京国立博物館は1872年（和洋折衷・帝冠様式）、東京駅は1914年、トゥーゲントハット邸は1930年（モダニズム）。,次のうち、２番目に新しく建設されたものはどれでしょう？,東京駅,建築,2,水晶宮,東京国立博物館,東京駅,トゥーゲントハット邸
開智学校は1876年（擬洋風建築）、バウハウスは1919年（モダニズムの源流）、エンパイアステートビルは1931年、オペラハウスは1973年。,次のうち、２番目に新しく建設されたものはどれでしょう？,エンパイアステートビル,建築,2,開智学校,バウハウス,エンパイアステートビル,シドニー・オペラハウス
築地ホテル館は1868年、ポンピドゥーセンターは1977年、ビルバオ・グッゲンハイム美術館は1997年、金沢21世紀美術館は2004年。,次のうち、２番目に新しく建設されたものはどれでしょう？,ビルバオ・グッゲンハイム美術館,建築,2,築地ホテル館,ポンピドゥーセンター,ビルバオ・グッゲンハイム美術館,金沢21世紀美術館
ウィトルウィウスによる現存最古の建築理論書の中で言及された。,建築において重要視される「用・強・美」の概念を唱えたのは誰でしょう？,ウィトルウィウス,建築,2,ウィトルウィウス,安藤忠雄,フランク・ロイド・ライト,SANAA
声調は東アジアや東南アジア、アフリカ、アメリカの言語によく見られる。,次のうち、声調を持たない言語はどれでしょう？,モンゴル語,言語,2,中国語,ベトナム語,タイ語,モンゴル語
平音は気音を伴わず、また喉の緊張も伴わない音である。激音は強い気音を伴った音、濃音は喉頭の緊張を伴った音である。,次のうち、平音、激音、濃音の区別がある言語はどれでしょう？,朝鮮語,言語,2,台湾語,朝鮮語,日本語,アラビア語
母音調和は、一つの単語中に現れる母音に制限が生じる（同じグループの母音しか使えない）現象のことである。母音の調音のための口蓋の変化を少なくして発音の労力を軽減するための一種の発音の癖だとされる。また、日本語においても、上代特殊仮名遣いの甲類・乙類の違いは母音の違いに基づくものであったと考えられている。この現象はアルタイ諸語やウラル語族などに見られ、マレー語（インドネシア語）のようなオーストロネシア語族では見られない。,次のうち、母音調和がない言語はどれでしょう？,マレー語,言語,2,モンゴル語,フィンランド語,トルコ語,マレー語
有気音とは、調音器官の開放より少し遅れて母音の声帯振動が始まる子音のことである。閉鎖の開放後に息の流れる音が聞こえる。,次のうち、有気音と無気音の区別がない言語はどれでしょう？,アラビア語,言語,2,中国語,朝鮮語,ヒンディー語,アラビア語
鼻母音とは、口蓋帆が下がって呼気が同時に鼻腔へも抜ける母音のことである。,次のうち、鼻母音が音素となっていない言語はどれでしょう？,ドイツ語,言語,2,フランス語,ポーランド語,ポルトガル語,ドイツ語
ヨーロッパやアジアの諸言語では格変化があることが多い。,次のうち、格変化がない言語はどれでしょう？,スワヒリ語,言語,2,ロシア語,ハンガリー語,トルコ語,スワヒリ語
屈折語は文法的機能を表す形態素が、語の内部に分割できない形で埋め込まれる言語のことである。ヨーロッパの言語の多くがこれに該当するが、格変化もなく動詞の活用も複雑でない英語などのように孤立語・膠着語的な性格が強まっているものもある。,次のうち、屈折語ではないのはどれでしょう？,ハンガリー語,言語,2,ロシア語,ドイツ語,アラビア語,ハンガリー語
膠着語はある単語に接頭辞や接尾辞のような形態素を付着させることで、その単語の文の中での文法関係を示す特徴を持つ言語のことである。屈折語に比べて格変化が少なく、SOV型であることが多い。テュルク諸語やウラル語族など東アジアに関連のある言語に多い。,次のうち、膠着語ではないのはどれでしょう？,ヘブライ語,言語,2,日本語,トルコ語,フィンランド語,ヘブライ語
孤立語は接辞を用いずに語順などによって文法機能を確定させるものである。東アジアの言語の一部にみられる。,次のうち、孤立語ではないのはどれでしょう？,タガログ語,言語,2,中国語,ベトナム語,タイ語,タガログ語
ニジェール・コンゴ語族は南アフリカで使われている言語の系統である。声調や母音調和、名詞クラス（名詞の文法的分類で、ヨーロッパ語の性をさらに細かくしたようなもの）、SVOの語順を持つものが多い。マダガスカル語はオーストロネシア語族である。,次のうち、ニジェール・コンゴ語族ではないのはどれでしょう？,マダガスカル語,言語,2,ショナ語,コサ語,スワヒリ語,マダガスカル語
オーストロネシア語族はオセアニアや台湾などで用いられている言語の系統である。ベトナム語はオーストロアジア語族である。,次のうち、オーストロネシア語族ではないのはどれでしょう？,ベトナム語,言語,2,タガログ語,インドネシア語,ジャワ語,ベトナム語
シナ・チベット語族は中国やチベット付近で用いられている言語の系統である。孤立語であるものが多い。タイ語はタイ・カダイ語族。,次のうち、シナ・チベット語族ではないのはどれでしょう？,タイ語,言語,2,中国語,ゾンカ語,ビルマ語,タイ語
ギリシャ語はヘレニック語派。,次のうち、イタリック語派ではないのはどれでしょう？,ギリシャ語,言語,2,ラテン語,ルーマニア語,フランス語,ギリシャ語
アイスランド語はケルト語派。,次のうち、ゲルマン語派ではないのはどれでしょう？,アイスランド語,言語,2,アフリカーンス語,ノルウェー語,アイスランド語,アイスランド語
ラトビア語はバルト語派。,次のうち、スラヴ語派ではないのはどれでしょう？,ラトビア語,言語,2,ロシア語,セルビア語,ポーランド語,ラトビア語
アルバニア語はアルバニア語派。,次のうち、インド・イラン語派ではないのはどれでしょう？,アルバニア語,言語,2,サンスクリット語,ヒンディー語,ペルシア語,アルバニア語
アフロ・アジア語族は北アフリカの言語の系統である。タミル語はドラヴィダ語族である。,次のうち、アフロ・アジア語族ではないのはどれでしょう？,タミル語,言語,2,エジプト語,ヘブライ語,アムハラ語,タミル語
ホモ＝ルーデンスは「遊戯人」を表す言葉で、人間は遊び（非日常空間での興奮と熱狂）を求める動物である、という意味。ホモ＝ファーベルはベルグソンによって提唱された概念で「工作人」を表す。人間は道具を使って自然環境を都合の良いものに作り替えていく動物である、という意味。ホモ＝レリギオスは「宗教人」で、人間は超越的な存在（神）を求めて信仰や宗教を生み出す動物であるという意味。ホモ＝エコノミクスは経済学で考えられる経済的に合理的な人間のこと。その他にはホモ＝デメンス（自分たちを滅亡させる方向に進ませている欠陥動物）、ホモ＝ジャスティフィカス（常に正義を求めて生きる動物）などがある。,次のうち、ホイジンガが提唱した概念はどれでしょう？,ホモ＝ルーデンス,哲学,2,ホモ＝ファーベル,ホモ＝ルーデンス,ホモ＝レリギオス,ホモ＝エコノミクス
第二の誕生は、第二次性徴後の自我の芽生えを表す概念である。心理的離乳はホリングワースによる概念で、親の保護や監督を煩わしく感じてそこから離れようとする青年期の態度のこと。マージナル＝マンはレヴィンによる概念で、青年期は大人の集団にも子供の集団にも属さない中間の存在であるという意味。疾風怒濤（シュトルム＝ウント＝ドゥランク）は、青年期は感情が激しく揺れ動く激動の時代である、ということを表す言葉。元はゲーテなどによる文学運動である。,次のうち、ジャン＝ジャック・ルソーが提唱した概念はどれでしょう？,第二の誕生,哲学,2,第二の誕生,心理的離乳,マージナル＝マン,疾風怒濤の時代
未開社会においては、通過儀礼を過ぎた瞬間から大人とみなされる上、仕事に就くために必要な長期間の勉強もいらないため、大人と子供の中間段階に当たる青年期がほとんど存在しないとされる。,文化人類学者のマーガレット・ミードは、未開社会においては「青年期」がほとんど存在しないと主張した。,マル,哲学,1,,,,
モラトリアム人間はアイデンティティ確立のための努力を放棄して欲求の満足や発散の身を求め、私的な世界に閉じこもる青年や大人のこと。シンデレラコンプレックスは自立できない女性が、シンデレラのように、理想の男性が現れて幸福にしてくれるのを待つ心理。ピーターパンシンドロームは年齢・身体共に大人と呼ばれる状態にあっても、心はまだ少年・少女のままのような感覚でいる人。,「どこかにもっと自分にふさわしい仕事があるのでは」と悩んで転職を繰り返す若者を表す概念はどれでしょう？,青い鳥症候群,哲学,2,青い鳥症候群,シンデレラコンプレックス,ピーターパン・シンドローム,モラトリアム人間
訓練することで変えられる性格に対して、遺伝子によって先天的に決められるものを気質と呼ぶ。,個性の三要素、能力、性格とあと一つはなんでしょう？,気質,哲学,4,,,,
ユングはリビドーを心的エネルギーとみなし（フロイトは性的エネルギー）、交際好きで自己表現が得意だが周りの反応を気にしたり自己中心的なところがあるタイプを外向型、思慮深く誠実で穏やかだが、他人を自分の内面に寄せ付けず付き合い下手なタイプを内向型に分類した。クレッチマーはやせ型、ふとり型、筋骨型、という体型による分類を提唱した。シュプランガーは追及する価値によって理論型や経済型、審美型、社会型、権力型、宗教型という分類を提唱した。マズローは欲求段階説の人。,リビドーの向きによって、人間を外向型と内向型の２つに分類した哲学者は誰でしょう？,ユング,哲学,2,ユング,クレッチマー,シュプランガー,マズロー
防衛機制は欲求不満を解消するための手段（抑圧、合理化、頭皮、退行など）のことである。また、フロイトは心の三層構造として超自我、自我、エス（イド）の概念を提唱し、良心をつかさどる超自我と本能をつかさどるエス（イド）のバランスを自我がとる（エスが強すぎる場合に防衛機制を働かせる）とした。ユングは人間の無意識を、表面的なペルソナ（周囲に適応するために被っている仮面）、個人的無意識（抑圧された無意識）、集合的無意識（人類が共通して持つ無意識）の３つに分類した。集合的無意識の具体例としては、神話などにみられるグレートマザー（太母）や老賢者のほか、アニマ（男性の中にある女性的な部分）やアニムス（アニマの逆）、影（本当はこう生きたいけど生きられなかった面）などがある。,次のうち、フロイトが提唱していない概念はどれでしょう？,集合的無意識,哲学,2,防衛機制,超自我,エス（イド）,集合的無意識
フォアゾクラティッカーはソクラテス以前の哲学者を意味する言葉で、万物の根源（アルケー）を探求するなど、神話的世界観から合理的思考への移行期にあった者たちである。プロタゴラスは「人間は万物の尺度」であるとして、相対主義をとったソフィストである。,次のうち、フォアゾクラティッカーではないのは誰でしょう？,プロタゴラス,哲学,2,タレス,エンペドクレス,アナクシマンドロス,プロタゴラス
プラトンは魂の理性（知恵）、気概、欲望の部分でそれぞれ統治者、軍人、庶民が徳を目指せば理想の国家ができると考え、そのためにイデアと正しく直観できる哲学者が統治者になるべきだとした。一方で、アリストテレスは知恵のみでは不十分で、常に中庸の行動がとれるように実践することが重要だと考えた。また人間はポリス的動物であると主張し、現実を無視してひたすらイデアを追及して生きることを否定した。,次のうち、哲人政治を理想とした哲学者は誰でしょう？,プラトン,哲学,2,ソクラテス,プラトン,アリストテレス,アナクシメネス
エピクロス派は、公共の生活は魂の平安（アタラクシア）を乱すもとだと考えた。一方でストア派はすべてを運命だと考え、情念（パトス）に動かされない境地（アパテイア）に達する必要があるとした。モットーは「自然に従って生きよ」。,エピクロス派のモットーは「隠れて生きよ」であり、俗世間から離れて自給自足をしながら、わずかな友人たちと共同生活することを理想とした。,マル,哲学,1,,,,
ピコ＝デラ＝ミランドラはルネサンス期において人間の自由意志を肯定し、従来のキリスト教的な人間観を否定した（『人間の尊厳について』）。君主～はマキャヴェリの思想である。愚か者～はモラリストのモンテーニュの思想で、「我、何をか知る（ク・セ・ジュ）？」という言葉に要約される。考える～は同じくモラリストのパスカルの思想で、人間の理性を重視した。,次のうち、ピコ＝デラ＝ミランドラの思想を表したものはどれでしょう？,人間はあらゆる外的要因から独立し、自由意志によって自己を形成することができる唯一の生き物であり、ゆえに尊い。,哲学,2,「考える」ことが人間の尊厳性の根拠である。,愚か者である最も確かな証拠は自説を固守して興奮することである。自分の認識や判断の妥当性を常に問い続け、真理を探求するべきである。,君主に必要な資質は道徳的倫理観ではなく現実的な統治力であり、結果の有効性により、過程の反道徳性は正当化される。,人間はあらゆる外的要因から独立し、自由意志によって自己を形成することができる唯一の生き物であり、ゆえに尊い。
ルターは職業召命観（職業はすべて神から命じられたものである）に代表されるように、信仰以外のあらゆる行動は神によって行わせてもらっているものであると主張し、自由意志を否定していた。一方で、エラスムスは『愚神礼賛』で聖職者の堕落を厳しく批判したほか、人間はあくまで自分の意思で善行を行っているとし、自由意志を肯定した。,神の絶対性を主張したルターに対立して、教会や聖職者の堕落を厳しく批判したルネサンス期のヒューマニストは誰でしょう？,エラスムス,哲学,4,,,,
『プロテスタンティズムの倫理と資本主義の精神』,カルヴァン派による利潤肯定の思想が今日の資本主義の発展を支えた、という主張を行った社会学者は誰でしょう？,マックス・ウェーバー,哲学,4,,,,
選択肢はすべて経験論者の思想であり、特にベーコンの思想は「知は力なり」という言葉で要約される。自然を支配するために必要な知を獲得するためには感覚的経験や帰納法が必要であり、そのためにイドラ（先入観や偏見）を排除する必要性があると説いた。人間の～はロックの思想で、いわゆるタブラ＝ラサである。知覚～はバークリーの思想、存在～はヒュームの思想（懐疑論）である。,フランシス・ベーコンの思想として正しいものはどれでしょう？,学問の目的は自然を支配することである。,哲学,2,学問の目的は自然を支配することであり、そのためには帰納法によって普遍的な真理や法則を見出す必要がある。,人間のすべての観念は経験に由来し、生得観念は存在しない。,知覚しなかったものは存在しない。,存在するのはモノ自体ではなく心（知覚の束）のみであり、あらゆる実体の存在は疑わしい。
デカルトは機械論的自然観の原型を作ったことで知られる。また、真理の獲得に感覚的経験は不要だとして合理論を唱えた。自然界の～はアリストテレスによる目的論的自然観である。神～はスピノザの汎神論で、非人格的な神概念を提唱した。宇宙の～はライプニッツによるモナド論と予定調和の思想である。,ルネ・デカルトの思想として正しいものはどれでしょう？,真理の獲得に感覚的経験は不要である。,哲学,2,自然界の一切の変化は機械の運動と同じで物質の因果法則に従ったものにすぎず、そこには何の目的も意図もない。,自然界の一切の出来事は目的を持つ。,神は無限の実体であり、ゆえに自然界のすべての物体や法則は神のあらわれである。,宇宙に存在する無数の単子の活動は神の意思によって秩序づけられている。
ロックの社会契約説は信託が裏切られた場合の抵抗権（革命権）を規定している点がユニークである。もう一つの自然状態～はホッブズの社会契約説、合理的な～はモンテスキュー、国家間～はグロティウスである。,ジョン・ロックの思想として正しいものはどれでしょう？,自然状態は比較的平和だが、平和をより確実に保証するために社会契約が必要である。,哲学,2,自然状態は「万人の万人に対する闘争」とも呼ぶべき状態であり、平和のためには各自の自然権を制限すべきである。,自然状態は比較的平和だが、平和をより確実に保証するために各自の自然権を主権者へ信託する必要がある。,合理的な国家の運営のためには三権分立が必要である。,国家間の紛争にも適用される国際法の導入が必要である。
ミルの質的功利主義を表す言葉である。国家は～はベンサムの量的功利主義である。人々は～はルソーの社会契約説で、直接民主制を支持するような主張になっている。国家に～はヴォルテールによる啓蒙思想で、アンシャンレジームを強く非難するものである。,J・S・ミルの思想として正しいものはどれでしょう？,満足した愚者であるより不満足なソクラテスである方が良い。,哲学,2,人々は公共の利益を目指す全人民的意思に従うべきである。,国家は最大多数の最大幸福を目指すべきである。,満足した愚者であるより不満足なソクラテスである方が良い。,国家においては宗教的寛容や言論の自由が重要である。
ニーチェはキリスト教をルサンチマンによる奴隷道徳として徹底的に批判し、無意味な人生を積極的に生きる能動的ニヒリズムの観念を主張した。人間は～はキルケゴールの思想で、キリスト者としての実存（主体的心理の探求）を図るものである。譲れない～はヤスパースの思想で、実存を成立させるためには限界状況の中で超越者の存在を知覚するか、実存的交わりを行うことが必要だと主張した。神の～はハイデガーの思想で、死に向き合うことで、自己の主体性を喪失した世人からの決別を図るべきであるという主張である。,ニーチェの思想として正しいものはどれでしょう？,従来のキリスト教的理想（信仰や隣人愛）に従うのではなく、権力への意志を持った主体的な人間になるべきである。,哲学,2,人間は絶望を契機としながら、美的実存、倫理的実存、宗教的実存の３段階を経て実存を深めていく。,従来のキリスト教的理想（信仰や隣人愛）に従うのではなく、権力への意志を持った主体的な人間になるべきである。,譲れないところはとことんまでぶつかり合う愛しながらの闘争が人間の実存を成り立たせる。,神の存在を前提とせずに、現存在として実存を回復すべきである。
サルトルの思想は「人間は自由の刑に処せられている」という言葉でも知られる。人間は自由であるが、その行動には社会的な責任を持たなければいけない（つまりアンガージュマンとしての社会参加が必須である）と主張した。女を～はボーヴォワールの思想で、「人は女に生まれるのではない。女になるのだ。」という言葉が有名。「啓蒙」～はフランクフルト学派第一世代のアドルノの思想であり、啓蒙の弁証法によって野蛮に転落した人々が権威主義的パーソナリティを獲得するとした。道具的理性～は同じくフランクフルト学派のハーバーマスの思想である。第一世代（ホルクハイマーやアドルノ、フロム）が近代理性を道具的理性としての負の側面しか見ていなかったことに対し、コミュニケーションの重要性を説いた。,サルトルの思想として正しいものはどれでしょう？,人間は一人ひとりが社会変革につながる要素であるのだから、社会を良い方向に変革することこそが人間の果たすべき責任である。,哲学,2,人間は一人ひとりが社会変革につながる要素であるのだから、社会を良い方向に変革することこそが人間の果たすべき責任である。,女を「女」と規定するものは、その生物学的特徴ではなく文化である。,「啓蒙」とは、野蛮から文明へのシンポではなく、文明から野蛮へ弁証法的に転落する過程である。,道具的理性にゆがめられずに正しくコミュニケーション的合理性を実践することで良い人間関係を形成することができる。
コントは実証主義を唱えた社会学者である。知識は神学的段階と形而上学的段階を経て実証的段階（実際に確かめることができる事実のみを学問の基礎とする）に至ったとした。社会も～は社会進化論で有名なスペンサーの思想である。知識や～はデューイの思想である。プラグマティズムを大成して教育学に応用した。真理は～はパースによるプラグマティズムを発展させたジェームズの思想である。,オーギュスト・コントの思想として正しいものはどれでしょう？,自然科学的実証を用いて社会や歴史の法則性を発見し、より良い未来を作るべきである。,哲学,2,自然科学的実証を用いて社会や歴史の法則性を発見し、より良い未来を作るべきである。,社会も生物と同じように、適者生存によって個々人をふるいにかけ、より良い状態へ進化する。,知識や知性は社会生活を解決するための道具であり、そのような能力を身につけるためには社会そのものが教育的でなければならない。,真理はあくまで相対的なものであり、実生活において有用なものこそが真理である。
レヴィ・ストロースは構造主義の哲学者で、西洋社会も未開社会も同じ深層構造に根ざした行動がとられているという点で優劣は無いとした。オリエンタリズム～はサイードの思想で、東洋を異質な文化を持つ他者とみなすことで植民地支配が正当化されてきたと主張した。欧米人～はルース・ベネディクトの思想。貧困～はアマルティア・センの思想。,レヴィ・ストロースの思想として正しいものはどれでしょう？,未開民族の思考は西洋人の科学的思考に少しも劣らず、精密な論理性を持つ。,哲学,2,未開民族の思考は西洋人の科学的思考に少しも劣らず、精密な論理性を持つ。,オリエンタリズムは西洋人の作り上げた歪んだ「東洋」像である。,欧米人は自分の良心を重視するが、日本人は世間体など他人の視線を重視する。,貧困に苦しむ人に物質的な財を与えるだけではなく、その人の潜在能力が十全に発揮される状態を保障すべきである。
マルクス以外は空想的社会主義の思想家である。,次のうち、生まれたのが最も遅いのは誰でしょう？,マルクス,哲学,2,マルクス,サン＝シモン,フーリエ,オーウェン
ヘーゲルの思想である。個人の良心（道徳）と法を止揚し、人倫に基づいて行動すべきであるとした。カントは自身の良心に素直に従うことが人間のみにできる自由であるとして、目的の王国を目指した。,カントは、個人の良心のみではなく人倫に基づいて善悪を決定すべきであると主張した。,バツ,哲学,1,,,,
ロールズは『正義論』が有名。近代～はフーコー。科学は～はクーン。人生には～はエリクソン。,ロールズの思想として正しいものはどれでしょう？,すべての人が平等な立場で合意する「無知のヴェール」という仮定のもとで、公平な社会制度を設計すべきである。,哲学,2,近代的理性は、狂気や不道徳など「異質なもの」を排除することで確立した。,科学はパラダイムシフトによって劇的・革命的に発展する。,すべての人が平等な立場で合意する「無知のヴェール」という仮定のもとで、公平な社会制度を設計すべきである。,人生にはその発達段階に応じた発達課題があり、特にアイデンティティの確立が重要である。
林羅山は江戸幕府の思想的主柱を確立した。仏教は～は藤原惺窩（近代儒学の祖）。親子も～は中江藤樹（日本陽明学の祖）。孔孟～は伊藤仁斎（古義学の祖）。,林羅山の思想として正しいものはどれでしょう？,主君と家臣の上下関係や士農工商の身分差別などは天地自然の理にかなったものである。,哲学,2,主君と家臣の上下関係や士農工商の身分差別などは天地自然の理にかなったものである。,仏教は出世間の道であり、儒学の人倫こそが守るべき道である。,親子も主従も、すべての人は同じ宇宙から生れ出た兄弟であり、「孝」こそが人倫の根本である。,孔孟の教えの核心は仁であり、朱子学など後代の解釈に頼るべきではない。
武士道は儒～は山本常朝（葉隠の著者）の思想である。武士は～は山鹿素行（古学派の祖）で、朱子学を批判した。もう一つの武士道～は新渡戸稲造。,荻生徂徠の思想として正しいものはどれでしょう？,赤穂浪士の討ち入りは忠義の行動であったが、法を犯したことに変わりはないので、切腹を申し付けるべきである。,哲学,2,武士道は儒学思想により規範化されるべきではない。忠も孝もなく、ただ死に狂いである。,武士は身分が上だから敬われるのではなく、三民の師として人々の道徳的モデルになるからこそ敬われるのでなければならない。,赤穂浪士の討ち入りは忠義の行動であったが、法を犯したことに変わりはないので、切腹を申し付けるべきである。,武士道は欧米のキリスト教に比肩しうる精神である。
賀茂真淵は平安時代以降の古今和歌集などを唐国振りや手弱女振りと言って批判した。宗教的～は契沖（国学の先駆者）の思想。古今～は本居宣長の思想。源氏物語研究における「もののあはれ」の概念なども有名。天照大神～は平田篤胤の復古神道である。,賀茂真淵の思想として正しいものはどれでしょう？,万葉集に見られるような「益荒男振り」こそが日本人本来の高く直き心である。,哲学,2,宗教的・道徳的倫理観を交えず、死を怖れる人間の情そのものを素直にあらわすのが日本文化の本来の特徴である。,万葉集に見られるような「益荒男振り」こそが日本人本来の高く直き心である。,古今和歌集に見られるような「手弱女振り」こそが日本人本来の自然な感情である。,天照大神を尊び、その子孫である天皇にすべてを捧げつくすことが死後の世界の安心を得る道である。
二宮尊徳は報恩思想が有名。支配者～は安藤昌益の思想。個々人～は福沢諭吉。民権～は中江兆民。,二宮尊徳の思想として正しいものはどれでしょう？,今の自分があるのは天地や祖先などの広大な徳のおかげであり、その恩に自らも報いて、社会のさらなる発展を目指すべきである。,哲学,2,支配者が生産者を搾取する階級社会ではなく、万人直耕の自然世に戻るべきである。,今の自分があるのは天地や祖先などの広大な徳のおかげであり、その恩に自らも報いて、社会のさらなる発展を目指すべきである。,個々人が他人や政府に依存せずに自主独立の生活を営み、日常生活に役立つ学問を学ぶべきである。,民権は恩賜的に与えられるものではなく、運動や革命を通じて人民自ら勝ち取るべきものである。
モンスーン～は和辻哲郎。民間伝承～は柳田国男。名もなき～は柳宗悦。,西田幾多郎の思想として正しいものはどれでしょう？,主観と客観は明確に分離されるものではなく、主客未分の純粋経験を得ることによって人格を実現すべきである。,哲学,2,モンスーン型や砂漠型などの風土が文化や性格に影響を与える。,主観と客観は明確に分離されるものではなく、主客未分の純粋経験を得ることによって人格を実現すべきである。,民間伝承を保持してきた名もなき常民こそが、日本文化や歴史を支えてきた存在である。,名もなき職人が実用のために作り、庶民の日常生活の中で使われてきたものこそ美しい。
一般的な r の音。,次のうち、歯茎ふるえ音 [r] がある言語はどれでしょう？,イタリア語,言語,2,イタリア語,英語,中国語,フランス語
Merciはフランス語、Dankeはドイツ語、Grazieはイタリア語。,次のうち、スペイン語で「ありがとう」を意味する言葉はどれでしょう？,Gracias,言語,2,Merci,Gracias,Danke,Grazie
Oláはポルトガル語、Holaはスペイン語、Ciaoはイタリア語。,次のうち、ドイツ語で「こんにちは」を意味する言葉はどれでしょう？,Hallo,言語,2,Hola,Hallo,Ciao,Olá
Heiはフィンランド語。Ahojはチェコ語。Приветはロシア語。,次のうち、クロアチア語で「こんにちは」を意味する言葉はどれでしょう？,Bok,言語,2,Hei,Bok,Привет,Ahoj
古ノルド語はルーン文字。ᠠᠪᠠᠷ ᠬᠠᠷ ᠲᠠᠪᠠᠷᠤᠳᠠᠯ ᠢᠶᠠᠭᠰᠡᠨはモンゴル文字（本来は縦書き）。මම භාෂාවක් ඉගෙන ගන්නවා はシンハラ語、ខ្ញុំកំពុងសិក្សាភាសាはクメール語。,次のうち、古ノルド語で書かれた文章はどれでしょう？,ᛁᛃᚨᛗ ᚠᚨᚢᚾᛞᚨ ᛚᛁᛏᚨᚱᛃᚨ,言語,2,ᛁᛃᚨᛗ ᚠᚨᚢᚾᛞᚨ ᛚᛁᛏᚨᚱᛃᚨ,ᠠᠪᠠᠷ ᠬᠠᠷ ᠲᠠᠪᠠᠷᠤᠳᠠᠯ ᠢᠶᠠᠭᠰᠡᠨ,මම භාෂාවක් ඉගෙන ගන්නවා ,ខ្ញុំកំពុងសិក្សាភាសា
スワヒリ語はラテン文字を使用する言語である。እኔ ቋንቋ እማራለሁはアムハラ語、म भाषा सिक्दै छुはネパール語（ヒンディー文字）、Мен тіл үйреніп жатырмынはカザフ語である。,次のうち、スワヒリ語で書かれた文章はどれでしょう？,Ninajifunza lugha,言語,2,Ninajifunza lugha,እኔ ቋንቋ እማራለሁ,म भाषा सिक्दै छु,Мен тіл үйреніп жатырмын
モンゴル国内ではモンゴル語はキリル文字で表記されている。Nag-aaral ako ng wikaはタガログ語、მე ვსწავლობ ენასはグルジア語、저는 언어를 공부하고 있습니다は朝鮮語である。,次のうち、モンゴル語で書かれた文章はどれでしょう？,Би хэл сурч байна,言語,2,Би хэл сурч байна,Nag-aaral ako ng wika,მე ვსწავლობ ენას,저는 언어를 공부하고 있습니다
残りの選択肢はペルシャ語（アラビア文字っぽい方）、ヘブライ語、ゾンカ語（チベット文字）。,次のうち、ヒンディー語で書かれた文章はどれでしょう？,मैं भाषा सीख रहा हूँ ,言語,2,मैं भाषा सीख रहा हूँ ,من در حال یادگیری زبان هستم,אני לומד שפה,ང་སྐད་ཡིག་སྦྱོང་བརྩོན་གནང་གི་ཡོད་པས།
我喺學緊語言は広東語（繁体字）、Nyelvet tanulokはハンガリー語、Μαθαίνω γλώσσαはギリシャ語。,次のうち、北京語（普通話）で書かれた文章はどれでしょう？,我在学习语言 ,言語,2,我在学习语言 ,我喺學緊語言,Nyelvet tanulok,Μαθαίνω γλώσσα
நான் மொழியை கற்றுக் கொண்டிருக்கிறேன்はタミル語、ငါဘာသာစကားလေ့လာနေတယ်はビルマ語、Ես լեզու եմ սովորումはアルメニア語。,次のうち、インドネシア語で書かれた文章はどれでしょう？,Saya sedang belajar bahasa,言語,2,Saya sedang belajar bahasa,நான் மொழியை கற்றுக் கொண்டிருக்கிறேன்,ငါဘာသာစကားလေ့လာနေတယ်,Ես լեզու եմ սովորում
エディアカラ紀は過酷な生存競争がまだ無かったとされる。当時の動物は体を守る防御も目も無かった。,エディアカラ紀はエデンの園に例えられるほど平和だった。,マル,古生物,1,,,,
ランゲオモルフは植物状の動物である。ディッキンソニアは左右非対称であることが知られる動物。トリブラキディウムは三軸相称の動物。ラディオドンタはかつてアノマロカリス類と呼ばれていた分類群である。,次のうち、エディアカラ動物群に含まれない生き物はどれでしょう？,ラディオドンタ,古生物,2,ランゲオモルフ,ディッキンソニア,トリブラキディウム,ラディオドンタ
他の選択肢はすべてカンブリア紀の生物。エルラシアは典型的なカンブリア紀の三葉虫である。,次のうち、オルドビス紀に入ってから登場した生き物はどれでしょう？,エルラシア,古生物,2,ミロクンミンギア,オパビニア,ハルキゲニア,エルラシア
糞の化石はコプロライトとも呼ばれる。,足跡や糞石などのように、生物そのものではなく、その生活の痕跡が残された化石をなんというでしょう？,生痕化石,古生物,4,,,,
ドイツ語。,澄江やバージェス頁岩などのように、保存状態の良い化石を産する土地のことをなんというでしょう？,ラーゲルシュテッテ,古生物,4,,,,
生物大放散事変（GOBE)は、栄養供給や地形の変化を原因として起こった、オルドビス紀の事象である。これによってカンブリア紀型動物は姿を消し、古生代型動物群が覇権を握るようになった。カンブリア紀に起きたのはカンブリア爆発で、この現象により今日見られる動物の門がほとんどすべて出揃ったとされる（実際には見かけの爆発ともされる）。眼を持った生物の誕生によって生存競争が激化し、進化が促進されたという説（光スイッチ説）がある。,カンブリア紀には生物大放散事変が起き、現生や化石を問わず、鋼やその下位分類群が数多く登場した。,バツ,古生物,1,,,,
他の選択肢はすべてオルドビス紀の生物である。カメロケラスは頭足類で、オルドビス紀の頂点捕食者として知られる。ペンテコプテルスはウミサソリ類。ハリシテスはシルル紀の床板サンゴ。,次のうち、シルル紀に入ってから登場した生き物はどれでしょう？,ハリシテス,古生物,2,カメロケラス,ペンテコプテルス,カブトガニ,ハリシテス
他の選択肢はすべてオルドビス紀の生物である。アランダスピスは甲冑魚である。プラティストロフィアは腕足動物。ユーリプテルスはシルル紀に繫栄したウミサソリ類である。,次のうち、シルル紀に入ってから登場した生き物はどれでしょう？,ユーリプテルス,古生物,2,アランダスピス,プラティストロフィア,オウムガイ,ユーリプテルス
解説は特になし。,$$(i) f(x+y) = f(x) + f(y)$$<br>$$(ii) f(ax) = af(x)$$<br>以上の２つを満たすような性質のことを何というでしょう？,線形性,数学,4,,,,
解説は特になし。,次を満たすような0でない平面ベクトル $\vec{e}、\vec{f}$ をなんというでしょう？<br>$(i)\vec{e}$と$\vec{f}$が平行でないとき、どんな平面ベクトルも$\vec{e}$と$\vec{f}$の１次結合で表せる。<br>$(ii)\vec{e}$と$\vec{f}$が平行であるとき、$\vec{e}$と$\vec{f}$の１次結合で表せる平面ベクトルは$\vec{e}$と$\vec{f}$と平行なベクトルに限る。,基底,数学,4,,,,
全単射でない $f$ は準同型写像と呼ばれる。,$G、H$を群とする。写像 $f:G$→$H$ が $f(ab)=f(a)f(b)$  $(a、b$∈$G)$ をみたし、かつ $f$ が全単射であるとき、$f$ を群の何というでしょう？ ,同型写像,数学,4,,,,
環とは、ある２つの演算（+と＊）について、結合法則と分配法則、単位元に、+について逆元の存在と交換法則が成り立つような集合のことである。その中でも特に、＊についても交換法則が成り立つような環を可換環と呼ぶ。四元数は非可換環である。作図可能数と複素数は体（可換環でかつ、＊の逆元が存在する集合）でもある。,次のうち、可換環でないものはどれでしょう？,複素数,数学,2,複素数,四元数,多項式,作図可能数
群とは、ある１つの演算について、結合法則が成り立ち、単位元と逆元が存在するような集合の古都である。自然数の加法について考えると、単位元が存在しない（0は自然数ではない）ので群ではない。置換はある集合の元を別の元に置き換える操作のことで、すべての置換の集合は対称群と呼ばれる。,次のうち、群ではないものはどれでしょう？,自然数の加法,数学,2,置換,整数の乗法,自然数の加法,有理数の乗法
代数的整数とは、最高次の係数が1であるような整数係数の方程式の解となる複素数のことである。整数a、bを用いて a+bi と表される複素数はガウス整数と呼ばれ、一般に代数的整数であることが知られている。代数的整数でない数は超越数と呼ばれ、他には円周率やネイピア数などが知られる。,次のうち、任意の要素が代数的整数になるものはどれでしょう？,ガウス整数,数学,2,有理数,ガウス整数,超越数,無理数
フェルマーの最終定理により、自然数解が存在しないことは証明されているが、複素数解ならば簡単に見つけることができる。,3以上の自然数 $n$ について、$x^n+y^n=z^n$ を満たすような複素数解 $x$、$y$、$z$は存在しない。,バツ,数学,1,,,,
素数定理として知られる。,$x$ が十分大きい場合に $\frac{x}{\ln(x)}$ で近似することができるのは、何の個数でしょう？,素数,数学,4,,,,
特にs=2のときの値を求める問題はバーゼル問題として知られる。また、その非自明な零点について調べる問題はリーマン予想と呼ばれている。ガンマ関数は階乗の概念を複素数全体に拡張した特殊関数。ベータ関数は積分の形で書かれる２変数関数（第１種オイラー積分とも）。チェビシェフ関数は素数計数にも使われる関数。,実部が1より大きい複素数 $s$ に対して定義される以下の関数の名前はなんでしょう？<br><br>$f(s)=\sum_{n=1}^{\infty} \frac{1}{n^s}$,ゼータ関数,数学,2,ゼータ関数,ガンマ関数,ベータ関数,チェビシェフ関数
解析接続が存在する場合、そのやり方はただ１通りに限られる。,複素平面上で、正則性を保ちながら関数の定義域を拡大する操作のことを何というでしょう？,解析接続,数学,4,,,,
双子素数は差が２であるような素数の組のことである。双子素数が無数に存在する、という予想は未解決問題となっている。,次のうち、双子素数であるものはどれでしょう？,11と13,数学,2,11と13,13と17,5と11,2と3
$d$ 次と $e$ 次の異なる２つの複素射影平面曲線は、ちょうど $de$ 個の交点を持つことがベズーの定理により知られている。射影平面曲線は、無限遠直線を加えた座標平面（射影平面）まで平面曲線を拡張したものである。1次の複素射影平面曲線同士の交点は無限遠点として同じ点だとみなす。,１次の異なる２つの複素射影平面曲線は、重複度も込めてちょうど１つの交点を持つ。,マル,数学,1,,,,
一般的にはブローアップという操作によって「ほどく」ことが多い。,$f(x、y)=0$ で定義される平面曲線について、$\frac{\partial f}{\partial x}=\frac{\partial f}{\partial y}=0$ となるような曲線上の点（a、b）を何というでしょう？,特異点,数学,4,,,,
解説は特になし。,多項式の形をした方程式に対して、その整数解や有理数解をすべて求める問題のことをなんというでしょう？,ディオファントス問題,数学,2,ディオファントス問題,ガロア問題,リーマン問題,ピタゴラス問題
楕円曲線上の点に対して定義される足し算は計算が難しく、暗号にも使われている。2点PとQについて、PとQを結ぶ直線と楕円曲線都は交点Rを持つ。Rとx軸対称な点がP+Qである。,$4a^3+27b^2\neq0$を満たす整数 $a$ と $b$ を用いて、$y^2=x^3+ax+b$  の形で定義される平面曲線をなんというでしょう？,楕円曲線,数学,4,,,,
群の $n$ 次元空間への表現は、より小さい次元の表現に分解することができ、それ以上分解されない表現のことを既約表現と呼ぶ。既約表現の数はヤング図形の個数と一致することが知られており、本問題ではヤング図形の個数３が答えになる。,3次の対称群 $S_3$ の規約表現は何個あるでしょう？,3,数学,4,,,,
アネトセラスはアンモノイド類である。他の選択肢はすべてシルル紀の生物である。メガマスタックスは全長１メートルにもなった肉鰭類である。ビアンチェンギクチスは甲冑魚。クークソニアはリニア植物。,"次のうち、デボン紀に入ってから登場した生き物はどれでしょう？	",アネトセラス,古生物,2,メガマスタックス,クークソニア,ビアンチェンギクチス,アネトセラス
ツリモンストルムは分類不明の謎のモンスターである。他の選択肢はすべてデボン紀の生物。クラドセラケは軟骨魚類。ダンクルオステウス、ボスリオレピスは板皮類。,"次のうち、石炭紀に入ってから登場した生き物はどれでしょう？	",ツリモンストルム,古生物,2,クラドセラケ,ダンクルオステウス,ボスリオレピス,ツリモンストルム
ユーステノプテロン、ティクターリクは肉鰭類。アカントステガ、イクチオステガは四足動物で、特にイクチオステガはしっかりとした肋骨を持ち、陸上生活ができたと考えられている。,次のうち、最も進化的だと考えられている生物はどれでしょう？,イクチオステガ,古生物,2,ユーステノプテロン,アカントステガ,ティクターリク,イクチオステガ
他の選択肢はすべて石炭紀の生物。レピドデンドロンはシダ植物（鱗木）。ヒロノムスは有羊膜類。エリオプスは分椎類。,"次のうち、ペルム紀に入ってから登場した生き物はどれでしょう？	",エリオプス,古生物,2,レピドデンドロン,メガネウラ,ヒロノムス,エリオプス
解説は特になし。,2点 $P$ と $Q$ について、$|p_x-q_x|+|p_y-q_y|$ で定義される距離をなんというでしょう？,マンハッタン距離,数学,4,,,,
関数f(x)がx=aで連続である、ということをイプシロン・デルタ論法で示した定義。,以下は何の定義でしょう？<br><br>任意の正の実数 $ε$ に対して、ある正の実数 $δ$ が存在して、任意の $x∈I$ に対して $0<|x-a|<δ$ なら $|f(x)-f(a)|<ε$ が成立する。,連続,数学,4,,,,
n次元のユークリッド空間への同相写像が存在するような位相空間のことをn次元多様体という。,多様体の各点を含む開集合と、その開集合をユークリッド空間に写すチャートの組 ${(U_i、φ_i)}$ の集まりのことをなんというでしょう？,アトラス,数学,2,アトラス,フレームバンドル,テンソル,リーマン計量
解説は特になし。,次のうち、同相でないものはどれでしょう？,メビウスの輪,数学,2,トーラス,ドーナツ,マグカップ,メビウスの輪
穴の数がgの閉曲面のオイラー数は2-2gで表される。,直方体の真ん中を、さらに小さい直方体でくりぬいた図形を考えます。この図形のオイラー数はいくつでしょう？,0,数学,4,,,,
円の曲率は、円周上の2点ABの距離を限りなく0に近づけた場合の角度の変化量として求めることができ、半径の逆数となる。３次元空間内の曲率はガウス曲率と呼ばれる。,半径10cmの円と半径1cmの円を比べたとき、曲率が大きいのは半径10の円である。,バツ,数学,1,,,,
微分同相とは、2つの多様体MとNについて、可微分写像 f:M→N が存在し、かつその逆写像も可微分であるような関係をいう。,微分同相なら同相である。,マル,数学,1,,,,
ジョーンズ多項式の値が異なれば別の結び目だとみなされる。,３次元空間内において、始点と終点が同じで自己交叉しない曲線のことをなんというでしょう？,結び目,数学,2,結び目,スパイラル,パス,螺旋
正解の選択肢はsinxをテイラー展開したもの。,次のうち、間違っているものはどれでしょう？,$\cos(x) = x - \frac{x^3}{3!} + \frac{x^5}{5!} - \frac{x^7}{7!} + \cdots$,数学,2,$e^x = 1 + x + \frac{x^2}{2!} + \frac{x^3}{3!} + \frac{x^4}{4!} + \cdots$,$\cos(x) = x - \frac{x^3}{3!} + \frac{x^5}{5!} - \frac{x^7}{7!} + \cdots$,$\ln(1+x) = x - \frac{x^2}{2} + \frac{x^3}{3} - \frac{x^4}{4} + \cdots$,$\frac{1}{1-x} = 1 + x + x^2 + x^3 + x^4 + \cdots$
幾何学的に考えれば重積分の定義通り計算しなくても解ける。,$\int_{0}^{1}\int_{0}^{1}(x+y)dxdy=$ ?,1,数学,4,,,,
線積分。,$xy$平面上の点 $A(0、0)$ と点 $B(2、2\sqrt{3})$ を結ぶ線分 $AB$ を道 $C$ とする。$f(x、y)=2$ のとき、以下の線積分の値はいくつでしょう？<br><br>$\int_{C}f(x、y)ds=$ ?,8,数学,4,,,,
面倒だったので２次元。,以下の定義で表される概念は何でしょう？<br><br>あるベクトル場 $V=(V_x、V_y)$ について、$divV=\frac{\partial V}{\partial x}+\frac{\partial V}{\partial y}$,発散,数学,4,,,,
オイラーの公式。,複素数 $z$ について、$e^{iz}=$ ?,$\cos(z)+i\sin(z)$,数学,2,$\cos(z)+i\sin(z)$,$\sin(z)+i\cos(z)$,$\sin(z)+\cos(iz)$,$\cos(z)+\sin(iz)$
正則関数はテイラー展開できるので、無限回微分できてしまう。,複素関数がある領域 $D$ で微分可能ならば、何回でも微分可能である。,マル,数学,1,,,,
コーシーの積分定理として知られる。ここから、正則関数の積分の値が始点と終点のみによって決まることが導ける。単連結空間とは、任意のループを連続的に1点に収縮できるような弧状連結空間（つまり繋がっていて穴がない空間）のこと。,複素数平面内の単連結な領域 $D$ で正則な関数 $f(z)$ と、$D$ 内の閉曲線 $C$ に対して、<br><br>$\int_{C}f(z)dz=$ ?,0,数学,4,,,,
周期性がない関数に対して行う操作をフーリエ変換という。,周期が  $2π$ であるような関数 $f(x)$ を以下のような形に変える操作をなんというでしょう？<br><br>$f(x)=\frac{a_0}{2}+\sum_{k=1}^{∞}(a_k\cos{kx}+b_k\sin{kx})$<br>  ($a_0、a_k、b_k$ は定数）,フーリエ級数展開,数学,2,フーリエ級数展開,フーリエ変換,ラプラス変換,モーラ変換
ルベーグ積分を使えばよい。ルベーグ積分はリーマン積分とは異なり、x軸ではなくy軸の方を区切って面積を近似する積分方法である。測度論によれば、有理数は加算無限なので、長さを0とみなすことができる（同様に無理数は1とみなせる）ので、答えは、0*1+1*1=1となる。,$x$ が有理数のときは $0$、無理数のときは $1$ になるような関数 $f(x)$ について、<br><br>$\int_{0}^{1}f(x)dx=$ ?,1,数学,4,,,,
パーコレーション理論と呼ばれ、感染症関連で応用される。,格子点が2次元に無限に並んでいる。隣り合う格子点を結ぶ「道」はそれぞれ独立に確率 $p$ で開かれて通ることができる。このとき、いくらでも遠くまで行ける確率 $θ$ が正になるのは、$p$ がいくつ以上のときでしょう？（答えは「1/100」などの分数表記で回答）,$1/2$,数学,4,,,,
血管の分岐構造や腸の内壁などもフラクタル構造として知られるが、これは占有する体積を増やさずに表面積だけ増やせるという点で都合が良いからであろう。フラクタル図形は他にジュリア集合（複素平面上において、ある複素関数が無限遠にいかないような出発点からなる集合）などで見られる。,一般に２次元のフラクタル図形は、面積は有限の値を取り、周の長さは無限になる。,マル,数学,1,,,,
軌道は力学系の概念で、与えられる漸化式に従う変数の点列（{x_n}）のことである。初期条件によっては力学系の漸化式がカオスを示すことが多々あり、生物の個体数の増減を表すロジスティック写像などもこれに当たる。,決定論的な法則に従うにもかかわらず、初期値鋭敏性などによりきわめて複雑な様相を示す現象（軌道）をなんというでしょう？,決定論的カオス,数学,4,,,,
恒真式。,要素となる命題の真偽に関わらず常に真になるような論理式のことをカタカナでなんというでしょう？,トートロジー,数学,4,,,,
解説は特になし。,次のうち、偽であるものはどれでしょう？（xとyは実数とする）,,数学,2,$\forall x \exists y (x+y=0)$,$\forall x (x^2 \geq 0)$,$\forall x (P(x)\to\neg \neg P(x)$ <br>$P(x): x$ は偶数である,$\forall x (x^2 \geq x)$
ゲーデルの第１不完全定理で主張されるのは、「無矛盾（ある命題Aについて、AとAの否定がどちらも証明されてしまうことがない）ならば不完全（どちらも証明できない）である」ような公理系が存在するということ（具体的には自然数論のような算術を含む系など）であって、すべての公理系についてはこれが成り立つわけではない。彼は第２不完全性定理で、同様の公理系はその無矛盾性を自身の体系内で証明できないことを証明した（実際の数学では無矛盾性が仮定されている）。,すべての公理系について、それが無矛盾ならば不完全である。,バツ,数学,1,,,,
印綬は57年。倭国大乱は２世紀後半のイベントだが、卑弥呼の擁立によって収まっている。親魏倭王は239年。好太王碑文は391年で、倭と高句麗の交戦の様子が記されている。,次の日本史の出来事のうち、もっとも新しいものはどれでしょう？,好太王碑が作られる,日本史,2,奴国が後漢から印綬を授かる,倭国大乱が起きる,卑弥呼が親魏倭王の号を与えられる,好太王碑が作られる
大王の称号は少なくとも倭王武（雄略天皇）のころには成立している。倭の五王は5世紀ごろの天皇たちである。仏教伝来は538年か552年。伽耶諸国の滅亡は562年。,次の日本史の出来事のうち、もっとも新しいものはどれでしょう？,伽耶諸国が滅亡する,日本史,2,大王の称号が成立する,倭の五王が宋に使節を派遣する,仏教が伝来する,伽耶諸国が滅亡する
大伴金村は６世紀ごろの豪族で、伽耶の一部を百済に割譲した政策を非難されて失脚した。継体天皇の即位は507年。磐井の乱は527年で、筑紫の磐井が新羅と結んで継体天皇に対抗したものである。伽耶諸国と手を結んだ新羅の勢力が拡大したことが背景にあった。隋の成立は589年。,次の日本史の出来事のうち、もっとも新しいものはどれでしょう？,隋が成立する,日本史,2,大伴金村が失脚する,隋が成立する,磐井の乱がおきる,継体天皇が即位する
崇峻天皇の殺害と推古天皇の即位は592年。隋の滅亡は618年（成立は600年）。皇極天皇の即位は642年。,次の日本史の出来事のうち、もっとも新しいものはどれでしょう？,皇極天皇が即位する,日本史,2,崇峻天皇が殺害される,隋が滅亡する,推古天皇が即位する,皇極天皇が即位する
百済と高句麗はそれぞれ660年、668年に唐・新羅連合軍によって滅亡させられた。白村江の戦いは663年、百済復興のために倭が朝鮮半島に派兵した事変である。新羅の滅亡は935年。,次の日本史の出来事のうち、もっとも新しいものはどれでしょう？,新羅が滅亡する,日本史,2,百済が滅亡する,白村江の戦いが起きる,高句麗が滅亡する,新羅が滅亡する
孝徳天皇の即位は645年。壬申の乱は672年。藤原京の遷都は天武天皇によって694年に行われた。天武天皇の没後はその皇后であった持統天皇が事業を継承した。持統天皇は皇位継承の安定化を図るため、697年に孫の文武天皇を即位させた。そして、自身は上皇として退位し、若き文武天皇の後見役となることで、円滑な政権移行を実現しようとした。,次の日本史の出来事のうち、もっとも新しいものはどれでしょう？,文武天皇が即位する,日本史,2,孝徳天皇が即位する,壬申の乱がおきる,藤原京に遷都する,文武天皇が即位する
遣唐使は630年。風土記は713年で、古事記や日本書紀の編纂と同じころ。聖武天皇は藤原氏を外戚とする初めての天皇で、724年に即位した。長屋王の変は、藤原四子が長屋王（天武の孫）に反乱の罪を着せて自害させた事件である（729年）。,次の日本史の出来事のうち、もっとも新しいものはどれでしょう？,長屋王の変が起きる,日本史,2,遣唐使の派遣が始まる,風土記が編纂される,聖武天皇が即位する,長屋王の変が起きる
和同開珎は708年、平城京造営のために鋳造された。墾田永年私財法は743年、天然痘流行による社会の荒廃からの復興策として実施された。東北三十八年戦争は780年、唐が安史の乱で混乱していた情勢下の出来事である。坂上田村麻呂は戦争中に征夷大将軍に任命され、阿弖流為を降伏させるなど、倭の支配領域を広げることに成功した（797年）。,次の日本史の出来事のうち、もっとも新しいものはどれでしょう？,坂上田村麻呂が征夷大将軍に任命される,日本史,2,和同開珎の鋳造が始まる,墾田永年私財法が発布される,東北三十八年戦争が始まる,坂上田村麻呂が征夷大将軍に任命される
藤原広嗣の乱は、天然痘で死んだ藤原四子に代わって権力を握った橘諸兄に対し、その側近の吉備真備と玄昉の排斥を掲げて行われた反乱である（740年）。橘奈良麻呂の乱は、光明皇太后のもとで権力を握った藤原仲麻呂に対する反乱である（757年）。恵美押勝の乱は、光明皇太后の死後に権力を失いつつあった藤原仲麻呂が孝謙天皇に大して反乱を起こした事件である（764年）。宇佐八幡宮神託事件は、重祚した孝謙天皇（称徳天皇）のもとで権力を握った道鏡の即位を和気清麻呂らが阻止した事件である（769年）。,次の日本史の出来事のうち、もっとも新しいものはどれでしょう？,宇佐八幡宮神託事件,日本史,2,藤原広嗣の乱,橘奈良麻呂の乱,恵美押勝の乱,宇佐八幡宮神託事件
長岡京は、天智系の新王朝にふさわしい都を作るために桓武天皇が造営した（784年）。その後、造営責任者の藤原種継が暗殺された事件に際し、関与を疑われた早良親王が無実を訴えて自害した（785年）。平安京は794年。徳政相論は、平安京の造営や対蝦夷戦争の負担を軽減するために、藤原緒嗣が天皇に上奏した出来事である（805年）。,次の日本史の出来事のうち、もっとも新しいものはどれでしょう？,徳政相論が行われる,日本史,2,長岡京が造営される,早良親王が自害する,平安京が造営される,徳政相論が行われる
薬子の変は平城上皇が重祚しようとして排斥された事変である（810年）。薬子の変では藤原冬嗣が嵯峨天皇から信任を受けたが、その後、力を握った子の藤原良房が皇太子派を配流したのが承和の変である（842年）。良房は９歳で即位した清和天皇のもとで実質的な摂政の役割を果たしたが（858年）、応天門の変の犯人をめぐって大納言らが対立するという状況で、正式に摂政に任命された（866年）。,次の日本史の出来事のうち、もっとも新しいものはどれでしょう？,応天門の変,日本史,2,薬子の変が起きる,承和の変が起きる,応天門の変が起きる,清和天皇が即位する
阿衡事件は宇多天皇と藤原基経との間で起こった政治紛争である（887年）。醍醐天皇は宇多天皇のあとを受けて897年に即位した。菅原道真は醍醐天皇時代の右大臣で、左遷されたのは901年。村上天皇の即位は946年。醍醐・村上天皇の治世は延喜・天暦の治と呼ばれる。,次の日本史の出来事のうち、もっとも新しいものはどれでしょう？,村上天皇が即位する,日本史,2,阿衡事件が起きる,醍醐天皇が即位する,菅原道真が左遷される,村上天皇が即位する
解説は特になし。,解剖学的正位とは、手掌を前に向けた直立位のことである。,マル,解剖学,1,,,,
解説は特になし。,生物の細胞を大きく２つに分けると、体細胞となんでしょう？,生殖細胞,解剖学,4,,,,
血管内皮は、血液が血管外部に滲出しやすいように単層扁平上皮になっている。移行上皮は伸縮する細胞からなる上皮で、膀胱粘膜などに使われる。重層扁平上皮は重層な分ダメージに強いので、皮膚や食堂などに使われる。単層円柱上皮は一つ一つの細胞の体積が大きい分、栄養分の吸収や粘液の分泌の調節がしやすいので、消化管の粘膜に使われる。,次のうち、間違っているものはどれでしょう？,血管内皮は単層扁立方平上皮である,解剖学,2,血管内皮は単層扁立方平上皮である,膀胱粘膜の上皮は移行上皮である,皮膚や食道は重層扁平上皮である,胃や小腸の粘膜の上皮は単層円柱上皮である
横紋筋はアクチンとミオシンからなる縞模様がある筋肉のことで、基本的には随意筋だが、不随意筋である心筋も含む。他の多くの不随意筋は平滑筋に分類される。,横紋筋はすべて随意筋である。,バツ,解剖学,1,,,,
体細胞の集合体を組織と言い、上皮組織、筋組織、支持組織、神経組織の４つに分けられる。,次のうち、支持組織ではないものはどれでしょう？,筋組織,解剖学,2,骨組織,血液,軟骨組織,筋組織
樹状突起は受け取った刺激を本体の神経細胞（ニューロン）に伝える部分。刺激の情報を他の神経細胞に伝えるのは軸索突起の役割である。末梢神経においてはシュワン細胞が、中枢神経においてはグリア細胞が神経伝達を助けている。また、軸索と樹状突起の結合部分をシナプスと呼ぶ。,神経伝達において、刺激の情報はニューロンの樹状突起が他の神経細胞に伝えている。,バツ,解剖学,1,,,,
解説は特になし。,日常生活において、汗や尿、呼気などから自然に失われる水分のことをなんというでしょう？,不感蒸泄,解剖学,4,,,,
細胞外液は血漿や組織液などのことで、細胞内液に比べてナトリウムの濃度が高い。この濃度差はナトリウム・カリウムポンプによって維持されている。,細胞内液は細胞外液に比べてカリウムの濃度が高い。,マル,解剖学,1,,,,
通常時における体液のPHは 7.35~7.45程度であり、ここから酸性に傾いた状態がアシドーシス、アルカリ性に傾いた状態がアルカローシスである。,体液のPHが 7.2 ならば、それはアシドーシスの状態であると言える。,マル,解剖学,1,,,,
骨は必要に応じて破骨細胞によって分解され、カルシウムやリンが血中に放出される。これをカルシウム代謝と呼ぶ。,骨の役割として間違っているものはどれでしょう？,ホルモン分泌,解剖学,2,カルシウム代謝,造血,体重を支える,ホルモン分泌
高麗の朝鮮統一は936年。安和の変は藤原実頼が源高明（醍醐天皇の子）を左遷した事件である（969年）。藤原元命が訴えられたのは988年。後一条天皇は藤原道長の血を引いた天皇で、1016年に即位した。,次の日本史の出来事のうち、もっとも新しいものはどれでしょう？,後一条天皇が即位する,日本史,2,尾張守藤原元命が百姓によって不正を訴えられる,高麗が朝鮮を統一する,安和の変がおきる,後一条天皇が即位する
天慶の乱は939年。刀伊の入寇は1019年。平忠常の乱は1028年。前九年合戦は1051年。,次の日本史の出来事のうち、もっとも新しいものはどれでしょう？,前九年合戦,日本史,2,天慶の乱,刀伊の入寇,平忠常の乱,前九年合戦
後三条天皇は1068年に即位し、外戚関係を確保できなかった藤原頼通は宇治へ退いた。後三年の役は1083年に起きた戦いで、奥州藤原氏誕生のきっかけとなった。白河天皇は1086年に退位したが、実際に院政を開始したのは、5歳の孫である鳥羽天皇が即位した1107年のことであった。保元の乱は1156年。,次の日本史の出来事のうち、もっとも新しいものはどれでしょう？,保元の乱がおきる,日本史,2,後三条天皇が即位する,後三年の役がおきる,鳥羽天皇が即位する,保元の乱がおきる
平治の乱は1159年。安徳天皇の即位は1180年。養和の飢饉は1181年に起こった飢饉で、平氏政権に大きなダメージを与えた。壇ノ浦の戦いは1185年。,次の日本史の出来事のうち、もっとも新しいものはどれでしょう？,壇ノ浦の戦いがおきる,日本史,2,平治の乱が起きる,安徳天皇が即位する,養和の飢饉がおきる,壇ノ浦の戦いがおきる
比企氏の乱は1203年、御家人との対立を深めた源頼家の舅比企能員とその一族が滅ぼされた事件。実朝が暗殺されたのは1219年である。承久の乱は、実朝と連携を図っていた後鳥羽院と幕府との関係が悪化したことによって起こった反乱である（1221年）。これに勝利して土地支配を強化した幕府は、各地での混乱を防ぐために御成敗式目を制定した（1232年）。,次の日本史の出来事のうち、もっとも新しいものはどれでしょう？,御成敗式目の制定,日本史,2,比企氏の乱,源実朝の暗殺,承久の乱,御成敗式目の制定
和田合戦は、北条義時が有力御家人の和田義盛を滅ぼした戦いである（1213年）。宝治合戦は、北条時頼が有力御家人の三浦泰村を滅ぼした戦いである（1247年）。これによって幕府内での地位を固めた時頼は朝廷にも介入し、後嵯峨院の子宗尊親王を将軍として迎えた（1252年）。幕府に皇位継承の決定権を握られていると思っていた後嵯峨院は後継者を決めずに崩御し（1272年）、両統迭立の事態を引き起こした。,次の日本史の出来事のうち、もっとも新しいものはどれでしょう？,後嵯峨院が崩御する,日本史,2,和田合戦がおきる,宝治合戦がおきる,宗尊親王が将軍になる,後嵯峨院が崩御する
文永の役は1274年。弘安の役は1279年。霜月騒動は第3次蒙古襲来に備えるための政策をめぐり、有力御家人の間で起こった戦いである（1285年）。永仁の徳政令は、蒙古襲来以降深刻になっていた御家人の経済的な困窮を救うために作られた法令である（1297年）。,次の日本史の出来事のうち、もっとも新しいものはどれでしょう？,永仁の徳政令,日本史,2,文永の役,霜月騒動,弘安の役（1279,永仁の徳政令
元弘の乱は後醍醐天皇が起こした反乱である（1331年）。中先代の乱は、足利尊氏が地方の反乱を鎮圧したついでに京都を制圧して後醍醐天皇を降伏させた事件である（1335年）。観応の擾乱は尊氏と直義との対立から起きた戦いである（1350年）。明徳の乱は、長期に続いた動乱の中で強大となった守護を足利義満が滅ぼした戦いの一つである（1391年）。山名氏清が滅ぼされた。,次の日本史の出来事のうち、もっとも新しいものはどれでしょう？,明徳の乱,日本史,2,元弘の乱,中先代の乱,観応の擾乱,明徳の乱
乳児期の子供は縫合が未発達なので隙間がある。,乳児期までの子供に見られる、左右の頭頂骨と前頭骨の間の隙間のことをなんというでしょう？,大泉門,解剖学,4,,,,
無理数のみ非可算無限である。自然数と同じ濃度を持つ集合を可算無限集合といい、それより大きい濃度を持つ集合を非可算無限集合という。,選択肢の中に、１つだけ可算無限、あるいは非可算無限な集合があります。どれでしょう？,無理数,数学,4,自然数,有理数,無理数,整数
選択公理とは、「無限集合Iのそれぞれの元に空でない集合が割り当てられてるとき、その集合から要素を１つずつ取り出して新たな集合を作ることができる」というものである。これを認めるとバナッハ＝タルスキーの定理が証明できてしまう。しかし、選択公理は有用なので、これをZF公理系に加えたZFC公理系が一般的に使われている（例えば連続体仮説などはこの公理系から独立であることが知られている）。ラッセルのパラドックスは内包の公理を認めることで起こるパラドックスで、これの代わりに文出公理を用いた公理系がZF公理系と呼ばれている。,選択公理を認めることで起こるパラドックスはどれでしょう？,バナッハ＝タルスキーのパラドックス,数学,4,バナッハ＝タルスキーのパラドックス,ラッセルのパラドックス,ゼノンのパラドックス,ヒルベルトの無限ホテルのパラドックス
他の選択肢はすべてペルム紀の生物。ディメトロドン、コティロリンクス、リストロサウルスは単弓類。ディプロカウルスは空椎類。,次のうち、三畳紀に入ってから登場した生き物はどれでしょう？,リストロサウルス,古生物,2,ディメトロドン,ディプロカウルス,コティロリンクス,リストロサウルス
他の選択肢はすべてペルム紀の生物。ヘリコプリオンは軟骨魚類。メソサウルスは淡水棲の竜弓類。ゴルゴノプスは獣弓類。セラタイト類はアンモノイド類のグループ。,"次のうち、三畳紀に入ってから登場した生き物はどれでしょう？	",セラタイト,古生物,2,ヘリコプリオン,メソサウルス,ゴルゴノプス,セラタイト
他の選択肢はすべて三畳紀の生物。パレイアサウルスは側爬虫類。マストドンサウルスは分椎類。カートリンクスは魚竜形類。ウタツサウルスは魚竜。,"次のうち、ペルム紀に登場した生き物はどれでしょう？	",パレイアサウルス,古生物,2,パレイアサウルス,マストドンサウルス,カートリンクス,ウタツサウルス
大西洋中央海嶺はアイスランドの中央を貫いていることでも知られる。東太平洋海嶺はアメリカ大陸の西にある海嶺で、北米のサンアンドレアス断層につながる。,パンゲア超大陸の分裂の原因になったのはどれでしょう？,大西洋中央海嶺,地学,4,大西洋中央海嶺,東太平洋海嶺,中央インド洋海嶺,太平洋南極海嶺
